{
    "name": "root",
    "gauges": {
        "MediumLevel.Policy.Entropy.mean": {
            "value": 5.536933422088623,
            "min": 5.0421600341796875,
            "max": 5.578334331512451,
            "count": 19
        },
        "MediumLevel.Policy.Entropy.sum": {
            "value": 275340.625,
            "min": 213224.421875,
            "max": 279273.71875,
            "count": 19
        },
        "MediumLevel.Environment.EpisodeLength.mean": {
            "value": 41.0,
            "min": 41.0,
            "max": 41.0,
            "count": 19
        },
        "MediumLevel.Environment.EpisodeLength.sum": {
            "value": 48544.0,
            "min": 39688.0,
            "max": 48872.0,
            "count": 19
        },
        "MediumLevel.Step.mean": {
            "value": 4799972.0,
            "min": 3899996.0,
            "max": 4799972.0,
            "count": 19
        },
        "MediumLevel.Step.sum": {
            "value": 4799972.0,
            "min": 3899996.0,
            "max": 4799972.0,
            "count": 19
        },
        "MediumLevel.Policy.ExtrinsicValueEstimate.mean": {
            "value": -180.3610076904297,
            "min": -194.43899536132812,
            "max": -129.93307495117188,
            "count": 19
        },
        "MediumLevel.Policy.ExtrinsicValueEstimate.sum": {
            "value": -214629.59375,
            "min": -231576.84375,
            "max": -124995.625,
            "count": 19
        },
        "MediumLevel.Environment.CumulativeReward.mean": {
            "value": -193.55545092670857,
            "min": -219.0933482835273,
            "max": -193.55545092670857,
            "count": 19
        },
        "MediumLevel.Environment.CumulativeReward.sum": {
            "value": -230330.9866027832,
            "min": -260721.08445739746,
            "max": -209528.8832397461,
            "count": 19
        },
        "MediumLevel.Policy.ExtrinsicReward.mean": {
            "value": -193.55545092670857,
            "min": -219.0933482835273,
            "max": -193.55545092670857,
            "count": 19
        },
        "MediumLevel.Policy.ExtrinsicReward.sum": {
            "value": -230330.9866027832,
            "min": -260721.08445739746,
            "max": -209528.8832397461,
            "count": 19
        },
        "MediumLevel.Losses.PolicyLoss.mean": {
            "value": 0.024125755747663787,
            "min": 0.022039288520851793,
            "max": 0.027823328509596953,
            "count": 19
        },
        "MediumLevel.Losses.PolicyLoss.sum": {
            "value": 0.12062877873831894,
            "min": 0.07239522020390722,
            "max": 0.13144922663050237,
            "count": 19
        },
        "MediumLevel.Losses.ValueLoss.mean": {
            "value": 336.457426147461,
            "min": 134.94536056518555,
            "max": 1210.6423295762804,
            "count": 19
        },
        "MediumLevel.Losses.ValueLoss.sum": {
            "value": 1682.2871307373048,
            "min": 590.6123321533203,
            "max": 3631.926988728841,
            "count": 19
        },
        "MediumLevel.Policy.LearningRate.mean": {
            "value": 1.3428095524e-05,
            "min": 1.3428095524e-05,
            "max": 6.717463760848e-05,
            "count": 19
        },
        "MediumLevel.Policy.LearningRate.sum": {
            "value": 6.714047762e-05,
            "min": 6.714047762e-05,
            "max": 0.0003233739922087999,
            "count": 19
        },
        "MediumLevel.Policy.Epsilon.mean": {
            "value": 0.10447600000000001,
            "min": 0.10447600000000001,
            "max": 0.12239151999999999,
            "count": 19
        },
        "MediumLevel.Policy.Epsilon.sum": {
            "value": 0.5223800000000001,
            "min": 0.36717456,
            "max": 0.6077912000000001,
            "count": 19
        },
        "MediumLevel.Policy.Beta.mean": {
            "value": 0.00023335240000000004,
            "min": 0.00023335240000000004,
            "max": 0.0011273368480000001,
            "count": 19
        },
        "MediumLevel.Policy.Beta.sum": {
            "value": 0.0011667620000000002,
            "min": 0.0011667620000000002,
            "max": 0.00542878088,
            "count": 19
        },
        "MediumLevel.IsTraining.mean": {
            "value": 1.0,
            "min": 1.0,
            "max": 1.0,
            "count": 19
        },
        "MediumLevel.IsTraining.sum": {
            "value": 1.0,
            "min": 1.0,
            "max": 1.0,
            "count": 19
        }
    },
    "metadata": {
        "timer_format_version": "0.1.0",
        "start_time_seconds": "1709644805",
        "python_version": "3.9.0 (tags/v3.9.0:9cf6752, Oct  5 2020, 15:34:40) [MSC v.1927 64 bit (AMD64)]",
        "command_line_arguments": "C:\\Users\\Nils Jonack\\AppData\\Local\\Programs\\Python\\Python39\\Scripts\\mlagents-learn config/configuration.yaml --run-id=TestMedium2 --resume",
        "mlagents_version": "0.30.0",
        "mlagents_envs_version": "0.30.0",
        "communication_protocol_version": "1.5.0",
        "pytorch_version": "1.13.1+cu117",
        "numpy_version": "1.21.2",
        "end_time_seconds": "1709646461"
    },
    "total": 1655.8374316999998,
    "count": 1,
    "self": 0.007341899999801171,
    "children": {
        "run_training.setup": {
            "total": 0.061764199999999825,
            "count": 1,
            "self": 0.061764199999999825
        },
        "TrainerController.start_learning": {
            "total": 1655.7683256,
            "count": 1,
            "self": 1.599508699989201,
            "children": {
                "TrainerController._reset_env": {
                    "total": 4.5284974,
                    "count": 1,
                    "self": 4.5284974
                },
                "TrainerController.advance": {
                    "total": 1649.5691294000105,
                    "count": 118209,
                    "self": 1.4964742000495335,
                    "children": {
                        "env_step": {
                            "total": 1463.748291199984,
                            "count": 118209,
                            "self": 1079.992930899996,
                            "children": {
                                "SubprocessEnvManager._take_step": {
                                    "total": 382.7776327000169,
                                    "count": 118209,
                                    "self": 4.867392300026893,
                                    "children": {
                                        "TorchPolicy.evaluate": {
                                            "total": 377.91024039999,
                                            "count": 118209,
                                            "self": 377.91024039999
                                        }
                                    }
                                },
                                "workers": {
                                    "total": 0.9777275999708719,
                                    "count": 118208,
                                    "self": 0.0,
                                    "children": {
                                        "worker_root": {
                                            "total": 1649.600085500019,
                                            "count": 118208,
                                            "is_parallel": true,
                                            "self": 657.1489590000698,
                                            "children": {
                                                "steps_from_proto": {
                                                    "total": 0.0005304999999999893,
                                                    "count": 1,
                                                    "is_parallel": true,