{
    "name": "root",
    "metadata": {
        "timer_format_version": "0.1.0",
        "start_time_seconds": "1709656288",
        "python_version": "3.9.0 (tags/v3.9.0:9cf6752, Oct  5 2020, 15:34:40) [MSC v.1927 64 bit (AMD64)]",
        "command_line_arguments": "C:\\Users\\Nils Jonack\\AppData\\Local\\Programs\\Python\\Python39\\Scripts\\mlagents-learn config/configuration.yaml --run-id=TestLarge1 --resume",
        "mlagents_version": "0.30.0",
        "mlagents_envs_version": "0.30.0",
        "communication_protocol_version": "1.5.0",
        "pytorch_version": "1.13.1+cu117",
        "numpy_version": "1.21.2",
        "end_time_seconds": "1709656300"
    },
    "total": 12.750096399999999,
    "count": 1,
    "self": 0.006831299999998208,
    "children": {
        "run_training.setup": {
            "total": 0.06215590000000004,
            "count": 1,
            "self": 0.06215590000000004
        },
        "TrainerController.start_learning": {
            "total": 12.6811092,
            "count": 1,
            "self": 0.01843720000001703,
            "children": {
                "TrainerController._reset_env": {
                    "total": 5.297498,
                    "count": 1,
                    "self": 5.297498
                },
                "TrainerController.advance": {
                    "total": 7.278662399999983,
                    "count": 1593,
                    "self": 0.01365430000000245,
                    "children": {
                        "env_step": {
                            "total": 7.162941699999992,
                            "count": 1593,
                            "self": 3.827002999999917,
                            "children": {
                                "SubprocessEnvManager._take_step": {
                                    "total": 3.326312100000062,
                                    "count": 1593,
                                    "self": 0.051378800000073,
                                    "children": {
                                        "TorchPolicy.evaluate": {
                                            "total": 3.274933299999989,
                                            "count": 1593,
                                            "self": 3.274933299999989
                                        }
                                    }
                                },
                                "workers": {
                                    "total": 0.009626600000013141,
                                    "count": 1592,
                                    "self": 0.0,
                                    "children": {
                                        "worker_root": {
                                            "total": 7.735113800000006,
                                            "count": 1592,
                                            "is_parallel": true,
                                            "self": 4.728172100000024,
                                            "children": {
                                                "steps_from_proto": {
                                                    "total": 0.0002747999999996864,
                                                    "count": 1,
                                                    "is_parallel": true,
                                                    "self": 0.00011309999999919995,
                                                    "children": {
                                                        "_process_rank_one_or_two_observation": {
                                                            "total": 0.00016170000000048645,
                                                            "count": 2,
                                                            "is_parallel": true,
                                                            "self": 0.00016170000000048645
                                                        }
                                                    }
                                                },
                                                "UnityEnvironment.step": {
                                                    "total": 3.006666899999982,
                                                    "count": 1592,
                                                    "is_parallel": true,
                                                    "self": 0.0919165999999283,
                                                    "children": {
                                                        "UnityEnvironment._generate_step_input": {
                                                            "total": 0.05815790000001986,
                                                            "count": 1592,
                                                            "is_parallel": true,
                                                            "self": 0.05815790000001986
                                                        },
                                                        "communicator.exchange": {
                                                            "total": 2.5531855000000183,
                                                            "count": 1592,
                                                            "is_parallel": true,
                                                            "self": 2.5531855000000183
                                                        },
                                                        "steps_from_proto": {
                                                            "total": 0.3034069000000157,
                                                            "count": 1592,
                                                            "is_parallel": true,
                                                            "self": 0.1277439999999812,
                                                            "children": {
                                                                "_process_rank_one_or_two_observation": {
                                                                    "total": 0.17566290000003448,
                                                                    "count": 3184,
                                                                    "is_parallel": true,
                                                                    "self": 0.17566290000003448
                                                                }
                                                            }
                                                        }
                                                    }
                                                }
                                            }
                                        }
                                    }
                                }
                            }
                        },
                        "trainer_advance": {
                            "total": 0.10206639999998846,
                            "count": 1592,
                            "self": 0.02093289999995296,
                            "children": {
                                "process_trajectory": {
                                    "total": 0.0811335000000355,
                                    "count": 1592,
                                    "self": 0.0811335000000355
                                }
                            }
                        }
                    }
                },
                "trainer_threads": {
                    "total": 5.000000005139782e-07,
                    "count": 1,
                    "self": 5.000000005139782e-07
                },
                "TrainerController._save_models": {
                    "total": 0.08651109999999917,
                    "count": 1,
                    "self": 0.00575759999999903,