{"count":1,"self":14.6469568,"total":14.947403399999999,"children":{"InitializeActuators":{"count":1,"self":0.00049699999999999994,"total":0.00049699999999999994,"children":null},"InitializeSensors":{"count":1,"self":0.00099359999999999987,"total":0.00099359999999999987,"children":null},"AgentSendState":{"count":534,"self":0.0049659,"total":0.026327299999999998,"children":{"CollectObservations":{"count":534,"self":0.0099347999999999988,"total":0.0099347999999999988,"children":null},"WriteActionMask":{"count":534,"self":0.0019889,"total":0.0019889,"children":null},"RequestDecision":{"count":534,"self":0.0094377,"total":0.0094377,"children":null}}},"DecideAction":{"count":534,"self":0.24034439999999999,"total":0.24034439999999999,"children":null},"AgentAct":{"count":534,"self":0.031787699999999995,"total":0.031787699999999995,"children":null}},"gauges":{"Large  Level.CumulativeReward":{"count":28,"max":30.39999,"min":0,"runningAverage":1.085714,"value":0,"weightedAverage":0.0128684845}},"metadata":{"timer_format_version":"0.1.0","start_time_seconds":"1737392943","unity_version":"2022.3.14f1","command_line_arguments":"A:\\Unity\\Unity Hub\\Editor\\2022.3.14f1\\Editor\\Unity.exe -projectpath A:\\Unity\\Repos\\Castle Escape -useHub -hubIPC -cloudEnvironment production -licensingIpc LicenseClient-Nils Jonack -hubSessionId 64d28017-2749-44e9-bacb-e68d602bba79 -accessToken MhGISr6WMg_jrz2EwoBxIYCLt96UI7Q2VrPqoAsKky0008f","communication_protocol_version":"1.5.0","com.unity.ml-agents_version":"2.0.1","scene_name":"LevelScene","end_time_seconds":"1737392958"}}