{"count":1,"self":80.370719999999992,"total":1069.9595011,"children":{"InitializeActuators":{"count":4,"self":0.00099319999999999986,"total":0.00099319999999999986,"children":null},"InitializeSensors":{"count":4,"self":0.0009935,"total":0.0009935,"children":null},"AgentSendState":{"count":125034,"self":3.2475788,"total":72.4817786,"children":{"CollectObservations":{"count":500136,"self":51.2647264,"total":51.2647258,"children":null},"WriteActionMask":{"count":500136,"self":0.68441699999999994,"total":0.68441699999999994,"children":null},"RequestDecision":{"count":500136,"self":3.0547527999999997,"total":17.2850571,"children":{"AgentInfo.ToProto":{"count":500136,"self":1.9877501999999998,"total":14.2303043,"children":{"GenerateSensorData":{"count":500136,"self":12.2425544,"total":12.2425541,"children":null}}}}}}},"DecideAction":{"count":125034,"self":725.1359232,"total":725.135904,"children":null},"AgentAct":{"count":125034,"self":191.25495039999998,"total":191.9686165,"children":{"AgentInfo.ToProto":{"count":17860,"self":0.1753146,"total":0.7136718,"children":{"GenerateSensorData":{"count":17860,"self":0.5383572,"total":0.5383572,"children":null}}}}}},"gauges":{"Generate Level.CumulativeReward":{"count":17860,"max":9.899994,"min":-3775.7,"runningAverage":-402.190125,"value":-141.8,"weightedAverage":-146.049866}},"metadata":{"timer_format_version":"0.1.0","start_time_seconds":"1708284161","unity_version":"2022.3.14f1","command_line_arguments":"A:\\Unity\\Unity Hub\\Editor\\2022.3.14f1\\Editor\\Unity.exe -projectpath A:\\Unity\\Repos\\Castle Escape -useHub -hubIPC -cloudEnvironment production -licensingIpc LicenseClient-Nils Jonack -hubSessionId f0ce0e0c-1e26-40e9-be01-2e39bfc26d02 -accessToken YKfZXTbD9o8o7aVkQOOXkZqNOCHNGO6m532uctWbkb4008f","communication_protocol_version":"1.5.0","com.unity.ml-agents_version":"2.0.1","scene_name":"SampleScene","end_time_seconds":"1708285231"}}