{"count":1,"self":120.99618559999999,"total":1234.264931,"children":{"InitializeActuators":{"count":16,"self":0.0014939999999999999,"total":0.0014939999999999999,"children":null},"InitializeSensors":{"count":16,"self":0.0011979999999999998,"total":0.0011979999999999998,"children":null},"AgentSendState":{"count":37051,"self":4.849184,"total":130.230447,"children":{"CollectObservations":{"count":592816,"self":95.214457599999989,"total":95.214457,"children":null},"WriteActionMask":{"count":592816,"self":1.303235,"total":1.303235,"children":null},"RequestDecision":{"count":592816,"self":5.1617299999999995,"total":28.863571,"children":{"AgentInfo.ToProto":{"count":592816,"self":3.5336619999999996,"total":23.701840999999998,"children":{"GenerateSensorData":{"count":592816,"self":20.1681792,"total":20.168179,"children":null}}}}}}},"DecideAction":{"count":37051,"self":346.36415999999997,"total":346.364168,"children":null},"AgentAct":{"count":37051,"self":635.713024,"total":636.670944,"children":{"AgentInfo.ToProto":{"count":21168,"self":0.19478299999999998,"total":0.9579129999999999,"children":{"GenerateSensorData":{"count":21168,"self":0.76313,"total":0.76313,"children":null}}}}}},"gauges":{"Generate Level.CumulativeReward":{"count":21168,"max":69.2,"min":-3470.6,"runningAverage":-357.918243,"value":-255.799988,"weightedAverage":-236.680511}},"metadata":{"timer_format_version":"0.1.0","start_time_seconds":"1708449635","unity_version":"2022.3.14f1","command_line_arguments":"\/home\/jonack_n\/Unity\/Hub\/Editor\/2022.3.14f1\/Editor\/Unity -projectpath \/home\/jonack_n\/Documents\/GitHub\/Castle-Escape -useHub -hubIPC -cloudEnvironment production -licensingIpc LicenseClient-jonack_n -hubSessionId 26ae7968-2ac5-4732-a75f-5ad02260dc4e -accessToken BH2Ck9DkUe9bwdsF3A-nCkClMDOAjUU42aa4brjwt9Q008f","communication_protocol_version":"1.5.0","com.unity.ml-agents_version":"2.0.1","scene_name":"SampleScene","end_time_seconds":"1708450869"}}