{"count":1,"self":106.036576,"total":952.789222,"children":{"InitializeActuators":{"count":16,"self":0.0016359999999999999,"total":0.0016359999999999999,"children":null},"InitializeSensors":{"count":16,"self":0.001276,"total":0.001276,"children":null},"AgentSendState":{"count":29234,"self":3.8913032,"total":107.234449,"children":{"CollectObservations":{"count":467744,"self":75.964716799999991,"total":75.964716,"children":null},"WriteActionMask":{"count":467744,"self":1.0508579999999998,"total":1.0508579999999998,"children":null},"RequestDecision":{"count":467744,"self":4.110906,"total":26.327572,"children":{"AgentInfo.ToProto":{"count":467744,"self":2.8149249999999997,"total":22.216666,"children":{"GenerateSensorData":{"count":467744,"self":19.4017408,"total":19.401740999999998,"children":null}}}}}}},"DecideAction":{"count":29234,"self":279.7855488,"total":279.78554199999996,"children":null},"AgentAct":{"count":29234,"self":458.908416,"total":459.729249,"children":{"AgentInfo.ToProto":{"count":16704,"self":0.15717799999999998,"total":0.820815,"children":{"GenerateSensorData":{"count":16704,"self":0.66363699999999992,"total":0.66363699999999992,"children":null}}}}}},"gauges":{"Generate Level.CumulativeReward":{"count":16704,"max":-82.79991,"min":-6626.9,"runningAverage":-269.635437,"value":-326.9999,"weightedAverage":-314.810974}},"metadata":{"timer_format_version":"0.1.0","start_time_seconds":"1708623105","unity_version":"2022.3.14f1","command_line_arguments":"\/home\/jonack_n\/Unity\/Hub\/Editor\/2022.3.14f1\/Editor\/Unity -projectpath \/home\/jonack_n\/Documents\/GitHub\/Castle-Escape -useHub -hubIPC -cloudEnvironment production -licensingIpc LicenseClient-jonack_n -hubSessionId 8329b68b-d0d2-44b6-a64a-f80d99ac67cf -accessToken aK-cqnTUvXcY2hmfrMyOsKGksURXMSJxxCIqCxViJCM008f","communication_protocol_version":"1.5.0","com.unity.ml-agents_version":"2.0.1","scene_name":"SampleScene","end_time_seconds":"1708624058"}}