{"count":1,"self":22.1548752,"total":226.7524583,"children":{"InitializeActuators":{"count":3,"self":0.0010000999999999999,"total":0.0010000999999999999,"children":null},"InitializeSensors":{"count":3,"self":0.001,"total":0.001,"children":null},"AgentSendState":{"count":17851,"self":0.13201949999999998,"total":3.4888567999999998,"children":{"CollectObservations":{"count":53553,"self":2.096809,"total":2.096809,"children":null},"WriteActionMask":{"count":53553,"self":0.0219976,"total":0.0219976,"children":null},"RequestDecision":{"count":53553,"self":0.0924974,"total":1.2380307,"children":{"AgentInfo.ToProto":{"count":53553,"self":0.0825277,"total":1.1455332999999999,"children":{"GenerateSensorData":{"count":53553,"self":1.0630055999999999,"total":1.0630055999999999,"children":null}}}}}}},"DecideAction":{"count":17851,"self":184.2689792,"total":184.2689767,"children":null},"AgentAct":{"count":17851,"self":16.8047488,"total":16.837249,"children":{"AgentInfo.ToProto":{"count":1164,"self":0.0054989999999999995,"total":0.0324999,"children":{"GenerateSensorData":{"count":1164,"self":0.027000899999999998,"total":0.027000899999999998,"children":null}}}}}},"gauges":{"Small Level.CumulativeReward":{"count":637,"max":-134.000076,"min":-444.000061,"runningAverage":-266.781677,"value":-202.500076,"weightedAverage":-232.788361},"Medium Level.CumulativeReward":{"count":336,"max":-208.999817,"min":-1074.19983,"runningAverage":-538.6807,"value":-312.799866,"weightedAverage":-391.987061},"Large  Level.CumulativeReward":{"count":191,"max":-574.399536,"min":-2479.9,"runningAverage":-1436.80615,"value":-1053.89954,"weightedAverage":-1003.20166}},"metadata":{"timer_format_version":"0.1.0","start_time_seconds":"1709317881","unity_version":"2022.3.14f1","command_line_arguments":"A:\\Unity\\Unity Hub\\Editor\\2022.3.14f1\\Editor\\Unity.exe -projectpath A:\\Unity\\Repos\\Castle Escape -useHub -hubIPC -cloudEnvironment production -licensingIpc LicenseClient-Nils Jonack -hubSessionId b24f60df-e274-4149-9617-9c734784bbe9 -accessToken 0sBBUZf4qUtHdG4k_w4nSitLN19hqOHyV8gATdgN49g008f","communication_protocol_version":"1.5.0","com.unity.ml-agents_version":"2.0.1","scene_name":"TrainingScene","end_time_seconds":"1709318107"}}